{
  "train_loss": [
    1.5836421669854057,
    1.2419051780276829,
    1.0880755621168348,
    1.0057294877794054,
    0.9610261896451314,
    0.9071467923270331,
    0.8717907367918226,
    0.8513235585318671,
    0.8336292437871298,
    0.8226955362531874,
    0.8159081657727559,
    0.8048775133768717,
    0.7979478969362047,
    0.791630014483134,
    0.7896985764609443,
    0.7834804143375821,
    0.7767687518437704,
    0.7719997541639539,
    0.7667355751037598,
    0.7592127639134725,
    0.7581367816819085,
    0.7555940697246127,
    0.7549076658248901,
    0.7460445940971374,
    0.7463176984151204,
    0.7409187026765611,
    0.7367567662239075,
    0.7330622682571412,
    0.7288864441977607,
    0.7286580994076199,
    0.7237514100180732,
    0.7183714821921454,
    0.7132771163728502,
    0.711960509332021,
    0.7107201755629645,
    0.7041280863126119,
    0.7019267038769192,
    0.6980939255714417,
    0.6951376366721259,
    0.6932035870552063,
    0.6859357031928168,
    0.6804434406916301,
    0.6795879373550415,
    0.6756009797096253,
    0.6723529954486424,
    0.6673237991333008,
    0.6637052922566732,
    0.6578608216179742,
    0.6570188888867696,
    0.6518312057389153,
    0.650753040737576,
    0.6478347799830967,
    0.6377239630699157,
    0.6337061556498209,
    0.6334890722804599,
    0.6263371623039246,
    0.6240454774220785,
    0.6183525659561158,
    0.616461193699307,
    0.6096011970943874,
    0.6026306788020663,
    0.6021484706348843,
    0.5971688799964057,
    0.5879300544738769,
    0.5847339150216845,
    0.5826333656522963,
    0.5778298240025839,
    0.5729593208524916,
    0.5664164910634358,
    0.5643089191118876,
    0.5573392130745782,
    0.5521719510820177,
    0.5479622014787462,
    0.5421396371205648,
    0.535171571858724,
    0.537055991045634,
    0.5297334275351631,
    0.5250210069550408,
    0.5201191917101542,
    0.5180417804718017,
    0.5148398810810513,
    0.5109982409795125,
    0.5105122618463305,
    0.5073991011089749,
    0.5067443439483642,
    0.5059560109880236,
    0.5045620035171509,
    0.5037880914158291,
    0.5032769618140327,
    0.5028400991545783,
    0.5024496190812853,
    0.5024808829307557,
    0.5023820779906378,
    0.5019910215589736,
    0.5021047850714789,
    0.5020865388764275,
    0.5020321814431085,
    0.5021626292864482,
    0.5021426336818271,
    0.5021664697753059
  ],
  "train_acc": [
    50.28,
    67.33777777777777,
    74.78888888888889,
    78.24,
    80.25111111111111,
    82.57777777777778,
    84.01555555555555,
    84.93333333333334,
    85.53777777777778,
    86.27555555555556,
    86.43333333333334,
    86.97777777777777,
    87.2,
    87.46444444444444,
    87.51333333333334,
    87.76666666666667,
    88.08,
    88.22666666666667,
    88.55777777777777,
    88.80888888888889,
    88.9,
    89.03777777777778,
    89.09555555555555,
    89.44,
    89.40444444444445,
    89.82888888888888,
    89.96888888888888,
    90.04222222222222,
    90.06222222222222,
    90.26666666666667,
    90.44444444444444,
    90.69333333333333,
    90.85333333333334,
    90.97555555555556,
    90.96,
    91.22444444444444,
    91.33333333333333,
    91.61111111111111,
    91.6,
    91.78666666666666,
    92.07333333333334,
    92.36444444444444,
    92.44666666666667,
    92.45111111111112,
    92.73333333333333,
    92.85111111111111,
    93.02222222222223,
    93.33777777777777,
    93.38666666666667,
    93.48444444444445,
    93.61333333333333,
    93.77555555555556,
    94.27555555555556,
    94.3,
    94.28,
    94.75555555555556,
    94.68666666666667,
    95.01555555555555,
    95.04,
    95.46444444444444,
    95.68222222222222,
    95.72222222222223,
    95.89777777777778,
    96.32444444444444,
    96.52888888888889,
    96.61777777777777,
    96.77333333333333,
    97.00888888888889,
    97.2311111111111,
    97.38,
    97.66444444444444,
    97.8711111111111,
    98.06444444444445,
    98.34,
    98.64666666666666,
    98.58888888888889,
    98.85333333333334,
    99.10222222222222,
    99.31111111111112,
    99.35555555555555,
    99.48444444444445,
    99.65333333333334,
    99.68666666666667,
    99.80666666666667,
    99.83111111111111,
    99.84666666666666,
    99.89777777777778,
    99.92666666666666,
    99.95111111111112,
    99.95777777777778,
    99.97777777777777,
    99.96666666666667,
    99.96666666666667,
    99.98222222222222,
    99.97555555555556,
    99.97777777777777,
    99.98444444444445,
    99.97111111111111,
    99.97555555555556,
    99.97777777777777
  ],
  "val_loss": [
    1.3178905727386474,
    1.141039237308502,
    1.0965899787902833,
    0.9991606258392334,
    0.9982754126548767,
    0.9530901308059693,
    0.9330159173965454,
    0.8928290390014648,
    1.0466770217895507,
    1.1974227165222169,
    0.9786398827552796,
    0.9031433556556702,
    0.8378667479515076,
    0.9612859987258912,
    0.8651004260063171,
    0.9442006973266601,
    0.9063320894241333,
    0.8726344571113587,
    0.9078873301506043,
    0.8123034430503845,
    0.8540997929573059,
    0.9635097566604615,
    0.7939655763626099,
    0.814243879032135,
    0.8736173852920532,
    0.899901869392395,
    0.8419095676422119,
    0.9045007032394409,
    0.9318191976547241,
    0.8264569325447082,
    0.8425790460586547,
    0.8620962335586548,
    0.8144746704101562,
    0.8174177884101868,
    0.8138323432922363,
    0.7837693634033203,
    0.8369895113945007,
    0.8303229461669922,
    0.850427942943573,
    0.7488507939338684,
    0.8883828004837037,
    0.7817818932533264,
    0.7729780521392823,
    0.7725713397979737,
    0.8446644598007202,
    0.8122505470275879,
    0.7426834901809692,
    0.8078502681732178,
    0.7780321167945862,
    0.7780795233726502,
    0.7557560836791992,
    0.7182456324577332,
    0.7573166569709778,
    0.7476714122772217,
    0.7936112506866455,
    0.7438838067054748,
    0.7283402144432067,
    0.7297138333320617,
    0.7416293704032898,
    0.731062487411499,
    0.7124546954154968,
    0.7294801750183105,
    0.7319260794639587,
    0.7403644130706787,
    0.7340201466560364,
    0.7018154079437255,
    0.695097119140625,
    0.7049952960014343,
    0.7017439353942871,
    0.693024855518341,
    0.6826314791679382,
    0.7114533462524414,
    0.7079128256797791,
    0.6882468007087708,
    0.6923657097816467,
    0.6593246202468872,
    0.6589996788024902,
    0.6703076539993286,
    0.6562730246543884,
    0.6550949806213379,
    0.651978593158722,
    0.6488200142860413,
    0.6427726056098938,
    0.6454648610115051,
    0.6386836725234986,
    0.6356979755401612,
    0.6340634775161743,
    0.6372767972946167,
    0.6331736678123474,
    0.6331406116485596,
    0.6309374923706055,
    0.6311676702499389,
    0.6296677471160889,
    0.6302366031646729,
    0.628969666481018,
    0.6299394487380982,
    0.6278019623756409,
    0.6290027228355408,
    0.6292742666244506,
    0.6294044795036315
  ],