{
  "train_loss": [
    2.547587292819553,
    1.801711536916097,
    1.614317504119873,
    1.4600890194363065,
    1.3299954262415568,
    1.2065417445288764,
    1.1064973101298015,
    1.0281460590256586,
    0.9707818850941128,
    0.9244358163409763,
    0.8863937598122491,
    0.8529194920963711,
    0.830785836092631,
    0.8086078986591763,
    0.7893157360818651,
    0.7686200176662868,
    0.7548708240932889,
    0.7382658272213406,
    0.7209175131479899,
    0.710997683567471,
    0.6922269303427803,
    0.6786393051783244,
    0.6697748345481025,
    0.6515204706721835,
    0.636689721833335,
    0.6280352469444275,
    0.608716040886773,
    0.5901021394941542,
    0.5726104985766941,
    0.5617283358573913,
    0.5455598409440783,
    0.5308177888128492,
    0.5180005069520739,
    0.4985725689570109,
    0.4770331925286187,
    0.4649982862048679,
    0.44881067473093667,
    0.4277080604818132,
    0.4125418294959598,
    0.3897974751366509,
    0.3760673680093553,
    0.36118646596272785,
    0.33746930616696674,
    0.3298350770261553,
    0.31720424292352467,
    0.30685623766316306,
    0.295321679992146,
    0.28752654181056553,
    0.28372624135547214,
    0.281637692811754
  ],
  "train_acc": [
    20.604444444444443,
    32.14666666666667,
    39.86222222222222,
    46.20444444444445,
    51.971111111111114,
    57.05111111111111,
    60.92,
    63.66444444444444,
    66.32,
    67.82,
    69.52666666666667,
    70.47111111111111,
    71.43333333333334,
    72.05111111111111,
    72.89777777777778,
    73.64,
    74.02222222222223,
    74.85111111111111,
    75.42222222222222,
    75.80444444444444,
    76.19555555555556,
    76.83555555555556,
    77.00666666666666,
    77.61777777777777,
    78.18666666666667,
    78.5111111111111,
    79.21333333333334,
    80.01555555555555,
    80.58444444444444,
    80.82222222222222,
    81.2,
    81.95333333333333,
    82.06666666666666,
    83.1,
    83.6,
    83.99555555555555,
    84.57111111111111,
    85.37777777777778,
    86.01333333333334,
    86.6511111111111,
    87.00222222222222,
    87.54444444444445,
    88.44444444444444,
    88.71333333333334,
    89.18222222222222,
    89.41111111111111,
    89.85333333333334,
    90.06444444444445,
    90.38888888888889,
    90.41333333333333
  ],
  "val_loss": [
    1.8032529289245605,
    1.5639724510192872,
    1.4101242916107177,
    1.242468900489807,
    1.129908954811096,
    1.0152562722206115,
    0.9500193141937255,
    0.9583212863683701,
    0.7980394389629364,
    0.7930927734732628,
    0.870342783331871,
    0.7730014196634293,
    0.6683993691161275,
    0.7091289900779724,
    0.6800954646758736,
    0.6373481366515159,
    0.6712393108606338,
    0.6327471079289914,
    0.6176467097103596,
    0.6069474989295006,
    0.6173281197965145,
    0.6751765962392092,
    0.617912526011467,
    0.6383305347800254,
    0.5646100624696352,
    0.5322385219998658,
    0.536019401229918,
    0.5089393782019616,
    0.5125819368749857,
    0.48366395470201967,
    0.4859325341299176,
    0.4601538254916668,
    0.4843295485276729,
    0.4340305761218071,
    0.4452260199084878,
    0.43428623057547955,
    0.39355133179724217,
    0.3956718494322151,
    0.3728928618337959,
    0.357799708462134,
    0.36645590955466034,
    0.34125198017843067,
    0.34300684319883584,
    0.32711244085133073,
    0.3231871209777892,
    0.31794339691996576,
    0.3193493148121983,
    0.3175119635351002,
    0.3169167591251433,
    0.3161945140786469
  ],
  "val_acc": [
    32.68,
    41.3,
    47.7,
    53.86,
    58.96,
    63.9,
    66.14,
    66.46,
    71.56,
    72.5,
    70.0,
    73.64,
    77.3,
    75.8,
    76.5,
    77.78,
    76.92,
    77.52,
    78.42,
    78.96,
    78.84,
    76.7,
    79.66,
    78.12,
    81.5,
    81.94,
    81.5,
    82.62,
    82.42,
    83.64,
    83.42,
    84.3,
    83.9,
    84.92,
    84.44,
    85.38,
    87.16,
    86.76,
    87.14,
    88.26,
    87.7,
    88.38,
    88.6,
    89.36,
    89.1,
    89.46,
    89.48,
    89.56,
    89.54,
    89.58
  ]
}