{
  "train_loss": [
    2.307519516330295,
    2.304281184980604,
    2.304214971288045,
    2.3042165548536513,
    2.30428796649509,
    2.304295717408922,
    2.3043926752302384,
    2.3040648328145346,
    2.3040071186913385,
    2.3040486388736303,
    2.304318910132514,
    2.30420393892924,
    2.3042744125366212,
    2.304117262479994,
    2.304062547853258,
    2.3040732827504478,
    2.304078565004137,
    2.3039259344736736,
    2.303392258029514,
    2.30377019589742,
    2.3039108572642006,
    2.3038187972598605,
    2.303758657667372,
    2.3037234686109755,
    2.3035691682603625,
    2.303468739912245,
    2.303441218312581,
    2.303335767957899,
    2.303348843044705,
    2.3033830944485136,
    2.303267005199856
  ],
  "train_acc": [
    10.113333333333333,
    10.051111111111112,
    9.895555555555555,
    10.028888888888888,
    10.166666666666666,
    9.908888888888889,
    9.911111111111111,
    10.144444444444444,
    9.895555555555555,
    10.004444444444445,
    9.735555555555555,
    9.733333333333333,
    9.775555555555556,
    9.897777777777778,
    9.926666666666666,
    9.957777777777778,
    9.902222222222223,
    9.991111111111111,
    10.162222222222223,
    9.855555555555556,
    9.96,
    10.142222222222221,
    9.793333333333333,
    10.0,
    9.935555555555556,
    10.164444444444445,
    10.002222222222223,
    9.857777777777779,
    9.982222222222223,
    9.957777777777778,
    9.98
  ],
  "val_loss": [
    2.3029389240264893,
    2.3031317054748537,
    2.305457331085205,
    2.304643467712402,
    2.3040816982269288,
    2.3041230815887452,
    2.3041505130767823,
    2.3045642063140868,
    2.303476020812988,
    2.3039949619293214,
    2.303139394378662,
    2.3031598918914793,
    2.3039830806732176,
    2.304480081939697,
    2.3041292545318606,
    2.3032782527923583,
    2.3037316123962404,
    2.303364895248413,
    2.3045647415161135,
    2.303580651855469,
    2.30376636428833,
    2.3034697116851808,
    2.3035758655548095,
    2.3035658451080323,
    2.3033073070526124,
    2.303330625152588,
    2.303663164520264,
    2.3030718940734864,
    2.3039756813049315,
    2.3030212802886965,
    2.3028981716156007
  ],
  "val_acc": [
    10.0,
    10.0,
    10.0,
    10.0,
    10.0,
    10.0,
    10.0,
    10.0,
    10.0,
    10.0,
    10.0,
    10.0,
    10.0,
    10.0,
    10.0,
    10.0,
    10.0,
    10.0,
    10.0,
    10.0,
    10.0,
    10.0,
    10.0,
    10.0,
    10.0,
    10.0,
    10.0,
    10.0,
    10.0,
    10.0,
    10.0
  ]
}