{
  "train_loss": [
    2.53692306827969,
    1.7800691468132868,
    1.6013183629989625,
    1.4623586769951715,
    1.3342147104051378,
    1.2120495733896892,
    1.1032916394339667,
    1.0227189010302227,
    0.9606892228656345,
    0.9170667691548665,
    0.8801137345843845,
    0.8504433405346341,
    0.8255315750016107,
    0.8002733714209662,
    0.7823968808492024,
    0.7684672444873386,
    0.7504023781458536,
    0.7368287347157796,
    0.7170666860368516,
    0.7000696033371819,
    0.69361671716902,
    0.6810887333763971,
    0.662038868077596,
    0.6463456943511963,
    0.6311904104232788,
    0.618142624812656,
    0.6001106167051528,
    0.5895456296496921,
    0.5760647603670757,
    0.5552075744946797,
    0.5385441609753503,
    0.5284320893499587,
    0.515825789059533,
    0.4938940722147624,
    0.47578789013756645,
    0.4603077923668755,
    0.44436780199474757,
    0.42164224084218344,
    0.40648583749135336,
    0.3898802841133542,
    0.36591743574672275,
    0.3576779297325346,
    0.34178230327500236,
    0.328040643480089,
    0.3108788247850206,
    0.30193858405749,
    0.29756980058087246,
    0.28651715176370407,
    0.2798641013542811,
    0.2829286610921224
  ],
  "train_acc": [
    20.602222222222224,
    32.742222222222225,
    40.46666666666667,
    45.89555555555555,
    51.68888888888889,
    56.67333333333333,
    61.06,
    63.95111111111111,
    66.48,
    68.2088888888889,
    69.48444444444445,
    70.77333333333333,
    71.75777777777778,
    72.78222222222222,
    73.34444444444445,
    73.53111111111112,
    74.29777777777778,
    74.67555555555556,
    75.55333333333333,
    76.02222222222223,
    76.25555555555556,
    76.73333333333333,
    77.49777777777778,
    78.03111111111112,
    78.42666666666666,
    79.15777777777778,
    79.51777777777778,
    79.90222222222222,
    80.06444444444445,
    81.12,
    81.70222222222222,
    81.77111111111111,
    82.23555555555555,
    83.08666666666667,
    83.78666666666666,
    84.24444444444444,
    84.78666666666666,
    85.60666666666667,
    86.10888888888888,
    86.60666666666667,
    87.50222222222222,
    87.80888888888889,
    88.16888888888889,
    88.74222222222222,
    89.29333333333334,
    89.52222222222223,
    89.71333333333334,
    90.28666666666666,
    90.36888888888889,
    90.4088888888889
  ],
  "val_loss": [
    1.8186538173675537,
    1.5445349316596986,
    1.4014117729187012,
    1.2662202739715576,
    1.1459600351333619,
    1.0508827806949614,
    0.9441644874334335,
    0.9266617298126221,
    0.8573853024721145,
    0.8405239628970623,
    0.783367264842987,
    0.7137510258495807,
    0.76119008185938,
    0.6848468623638153,
    0.6654354640785605,
    0.6645595589101314,
    0.6373178230620921,
    0.6251504755035042,
    0.5774603962421417,
    0.615512469625473,
    0.6177846821576357,
    0.614269649708271,
    0.5672655800879002,
    0.5829641986608505,
    0.5495589342962951,
    0.5942895860936492,
    0.5507190860182047,
    0.4724109804287553,
    0.517840327745676,
    0.48829939188957217,
    0.4731008175238967,
    0.4276504811681807,
    0.4461945119405165,
    0.44073001604378226,
    0.459347945169732,
    0.46094913174188695,
    0.4143054628901184,
    0.3919495153416879,
    0.3710117798063904,
    0.36301406662883234,
    0.3700792299285531,
    0.34178575119152665,
    0.3448607120808214,
    0.33764564668461683,
    0.3282947410693392,
    0.3258408578146249,
    0.3215846421651542,
    0.31326998003683987,
    0.31360833409279587,
    0.31537911509498956
  ],
  "val_acc": [
    31.56,
    42.1,
    48.1,
    53.9,
    58.78,
    62.08,
    66.26,
    67.96,
    70.46,
    71.26,
    72.04,
    75.18,
    74.16,
    76.02,
    77.16,
    76.94,
    77.54,
    78.62,
    80.48,
    79.82,
    78.62,
    78.92,
    80.94,
    80.12,
    81.24,
    79.76,
    81.52,
    83.94,
    82.52,
    84.1,
    83.96,
    85.8,
    85.0,
    85.38,
    84.58,
    84.02,
    86.04,
    86.52,
    87.54,
    87.84,
    87.88,
    88.48,
    88.16,
    89.28,
    88.98,
    89.4,
    89.48,
    89.64,
    89.74,
    89.8
  ]
}