{
  "train_loss": [
    2.827677072101169,
    1.877868661795722,
    1.5532849251217313,
    1.3666337653054133,
    1.2298875514772203,
    1.118522944047716,
    1.0452894583596124,
    0.9959358135859172,
    0.9168434236314562,
    0.878024636416965,
    0.829151032532586,
    0.8104552264107598,
    0.7714817707379659,
    0.7442279235627917,
    0.7162045138782925,
    0.6847364335378011,
    0.666144668451945,
    0.646079604212443,
    0.6224600863986545,
    0.6037986309051514,
    0.5819927739037408,
    0.56658143925137,
    0.5529291101455689,
    0.5376455120192634,
    0.5217141404893664,
    0.5058909366925557,
    0.4928173594156901,
    0.4811048735777537,
    0.47169477981991237,
    0.45450595474243166,
    0.4376672755665249,
    0.4237217818366157,
    0.41155452880329557,
    0.39791543198161655,
    0.3846928449259864,
    0.3735139714770847,
    0.35911202833387584,
    0.34680399335225426,
    0.33858655801349213,
    0.32768284946017795,
    0.31428587953249615,
    0.3074994906346003,
    0.2971794663906097,
    0.29392732408311634,
    0.28893966806199817,
    0.28353064449098375,
    0.2839916304270426,
    0.2770434058427811,
    0.27655947321520913,
    0.27382245257695514
  ],
  "train_acc": [
    27.906666666666666,
    40.77777777777778,
    47.25333333333333,
    52.18222222222222,
    56.973333333333336,
    60.85111111111111,
    63.62222222222222,
    65.60888888888888,
    68.1,
    69.84,
    71.67111111111112,
    72.26222222222222,
    73.74222222222222,
    74.73555555555555,
    75.5911111111111,
    76.68222222222222,
    77.55555555555556,
    77.94444444444444,
    78.53555555555556,
    79.36,
    80.0111111111111,
    80.5,
    80.96222222222222,
    81.58222222222223,
    82.25777777777778,
    82.70444444444445,
    83.08222222222223,
    83.31333333333333,
    83.81555555555556,
    84.36222222222223,
    84.97333333333333,
    85.47111111111111,
    85.86888888888889,
    86.22222222222223,
    86.82,
    87.09333333333333,
    87.74222222222222,
    88.10888888888888,
    88.34222222222222,
    88.79777777777778,
    89.17111111111112,
    89.36888888888889,
    89.78888888888889,
    89.81111111111112,
    90.00888888888889,
    90.38222222222223,
    90.15777777777778,
    90.53777777777778,
    90.38,
    90.60666666666667
  ],
  "val_loss": [
    1.5359668558120727,
    1.450779162979126,
    1.2204347818374635,
    1.126844957447052,
    0.9990283212661744,
    0.94987007894516,
    0.8461544126272201,
    0.7991287865161896,
    0.7416760449409485,
    0.7443718434751033,
    0.6709663555204868,
    0.6392991094887257,
    0.6790076825916768,
    0.6217475493729114,
    0.5692340056464076,
    0.5398564799189568,
    0.5594407757133245,
    0.5794995171435178,
    0.5038828737452626,
    0.5016887906908989,
    0.5088929091006518,
    0.4590316029205918,
    0.44993142819181087,
    0.46091534175276755,
    0.4472808593831956,
    0.4378215879350901,
    0.44059134452827275,
    0.4181604484155774,
    0.4099021544352174,
    0.4054896337397397,
    0.4055345739204437,
    0.3878568608306348,
    0.3724229010242037,
    0.38365173875205216,
    0.3671119754374027,
    0.3750322974553332,
    0.35670392206422985,
    0.36039427181407807,
    0.3501212718446739,
    0.33862592211067677,
    0.3363460585962981,
    0.33197001991551367,
    0.3371700791245326,
    0.3260843608252704,
    0.325549532424286,
    0.32419404062917456,
    0.3212316294586286,
    0.3200429257519543,
    0.321701665863581,
    0.32041026022229346
  ],
  "val_acc": [
    44.18,
    50.64,
    56.7,
    59.04,
    64.06,
    66.96,
    70.5,
    71.54,
    74.84,
    74.0,
    76.56,
    78.12,
    78.14,
    78.54,
    80.38,
    81.48,
    80.92,
    80.68,
    82.72,
    82.72,
    82.18,
    84.1,
    84.9,
    83.9,
    84.84,
    85.2,
    85.5,
    85.8,
    86.54,
    86.28,
    86.1,
    86.78,
    87.42,
    87.16,
    87.8,
    87.68,
    88.54,
    88.26,
    88.38,
    88.62,
    88.44,
    89.04,
    89.08,
    89.44,
    89.52,
    89.28,
    89.28,
    89.46,
    89.46,
    89.26
  ]
}