{
  "train_loss": [
    2.791841739230686,
    1.9803171059078641,
    1.7748351494683159,
    1.598592441198561,
    1.4614187601725261,
    1.3495590781105888,
    1.2640837457444933,
    1.2099887746810913,
    1.1559721181657578,
    1.104979252878825,
    1.0568698380364312,
    1.01662845348782,
    0.9931330152511597,
    0.9601026777479383,
    0.9404217093361749,
    0.9154572215610081,
    0.8958711127387152,
    0.8730199474758572,
    0.8551358335389031,
    0.8426531845940484,
    0.8244165232658386,
    0.8099801813761394,
    0.7981519237942166,
    0.7800391559706794,
    0.7611510840204027,
    0.756488915125529,
    0.7308638095008002,
    0.7153869087749057,
    0.701787693977356,
    0.68482962263955,
    0.6674902737087673,
    0.6563888273239136,
    0.6412468842612372,
    0.6232458424939049,
    0.5989316155963473,
    0.5822813590473599,
    0.5695585015720791,
    0.5479496006859673,
    0.5306916495747036,
    0.5194890678935581,
    0.49613166655434504,
    0.4814129191292657,
    0.4602197870466444,
    0.45140385998619925,
    0.4384850820435418,
    0.42939917906125386,
    0.4184335830344094,
    0.41232789358033073,
    0.4117825002829234,
    0.405179962433709
  ],
  "train_acc": [
    13.5,
    25.573333333333334,
    33.88666666666666,
    41.29333333333334,
    47.04222222222222,
    51.471111111111114,
    54.75111111111111,
    57.01777777777778,
    59.388888888888886,
    61.315555555555555,
    63.21111111111111,
    64.95555555555555,
    65.99555555555555,
    66.78666666666666,
    67.89333333333333,
    68.58,
    69.61555555555556,
    70.46666666666667,
    70.88,
    71.44,
    72.1,
    72.83777777777777,
    73.18,
    73.62222222222222,
    74.18,
    74.45333333333333,
    75.20222222222222,
    76.06666666666666,
    76.29555555555555,
    76.79333333333334,
    77.39111111111112,
    77.72888888888889,
    78.26444444444445,
    78.94888888888889,
    79.94888888888889,
    80.42,
    80.86666666666666,
    81.47555555555556,
    82.1,
    82.61555555555556,
    83.17111111111112,
    83.69555555555556,
    84.58,
    84.71777777777778,
    85.24,
    85.39333333333333,
    85.78,
    86.20666666666666,
    86.02,
    86.24444444444444
  ],
  "val_loss": [
    2.0313930923461916,
    1.741652444267273,
    1.531375464439392,
    1.3665119483947754,
    1.2651269749641418,
    1.111907296180725,
    1.0578893320083618,
    0.9898028511524201,
    0.9764401054382325,
    0.9781510898828506,
    0.8856468549251556,
    0.802089801222086,
    0.8268428449183702,
    0.8170763558864593,
    0.7340269331663847,
    0.7311775271892548,
    0.7167662554621697,
    0.7000774980545044,
    0.682072027105093,
    0.6460662745177745,
    0.7347331035017968,
    0.657141398999095,
    0.6349154307499528,
    0.6212270758152008,
    0.6653273930597119,
    0.6062781270958483,
    0.5909911007776857,
    0.5765395089104771,
    0.556286531713605,
    0.524421322606504,
    0.5520772703766823,
    0.5030577463578433,
    0.5183359805058222,
    0.5085694507896901,
    0.5087422214731574,
    0.4949957662909292,
    0.45367414115965365,
    0.4511115237815306,
    0.45523562213480473,
    0.4233190406046808,
    0.41580120415436106,
    0.4153659644544125,
    0.3983183272089809,
    0.3847628156386316,
    0.3786591289533302,
    0.37565100848730654,
    0.3691464106671512,
    0.3648968991126865,
    0.3662564615688287,
    0.36595407347502185
  ],
  "val_acc": [
    24.18,
    36.32,
    41.56,
    50.08,
    53.98,
    60.04,
    62.18,
    64.24,
    65.38,
    66.88,
    68.58,
    71.62,
    70.68,
    70.74,
    74.48,
    74.48,
    74.46,
    75.4,
    76.72,
    77.72,
    74.82,
    77.34,
    77.4,
    78.48,
    77.96,
    79.52,
    79.64,
    80.96,
    80.76,
    82.14,
    81.1,
    82.76,
    82.26,
    83.24,
    82.88,
    83.56,
    84.9,
    85.04,
    84.74,
    85.94,
    86.18,
    86.32,
    86.56,
    87.04,
    87.54,
    87.62,
    87.88,
    88.08,
    87.76,
    87.94
  ]
}