{
  "train_loss": [
    2.5342188727908663,
    1.8013001800113253,
    1.6181835573832195,
    1.4661247348149617,
    1.3369256097581652,
    1.2196858556535508,
    1.1229266956329347,
    1.0484686028056676,
    0.9814528521431817,
    0.9344648887846205,
    0.8976679709328546,
    0.8624909907023112,
    0.8430974109331767,
    0.8185232049412198,
    0.7971731557422214,
    0.7771250485102336,
    0.7633651478449504,
    0.74594450996187,
    0.7303061959478591,
    0.7117193762567309,
    0.6966172830793592,
    0.6875082221455044,
    0.6756078203307258,
    0.6603793397797478,
    0.641109997065862,
    0.6275249257511563,
    0.6105544100867377,
    0.5967627030690511,
    0.5821209120856391,
    0.5675660869015587,
    0.5515269043127695,
    0.5346457335154216,
    0.5224334088749356,
    0.5102996634377374,
    0.48574173066880966,
    0.4706005893707275,
    0.4512884684880575,
    0.4336596820831299,
    0.41157531086073984,
    0.4022730339686076,
    0.3810995037131839,
    0.36514024862448374,
    0.3457957440959083,
    0.33517648792266846,
    0.31966690435939366,
    0.3086687462594774,
    0.29688485315375857,
    0.2965270824485355,
    0.29053667386637794,
    0.28634537439876134
  ],
  "train_acc": [
    20.726666666666667,
    31.74888888888889,
    40.184444444444445,
    46.51777777777778,
    51.64666666666667,
    56.50222222222222,
    60.135555555555555,
    62.98888888888889,
    65.63333333333334,
    67.64,
    68.97777777777777,
    70.12444444444445,
    71.03333333333333,
    71.90666666666667,
    72.69111111111111,
    73.40666666666667,
    73.8,
    74.40666666666667,
    75.05111111111111,
    75.56888888888889,
    76.04,
    76.58,
    77.06222222222222,
    77.36888888888889,
    78.24222222222222,
    78.55333333333333,
    79.09777777777778,
    79.59555555555555,
    79.89333333333333,
    80.55555555555556,
    81.09333333333333,
    81.57111111111111,
    82.20222222222222,
    82.69333333333333,
    83.38666666666667,
    84.07111111111111,
    84.64,
    85.18,
    85.86666666666666,
    86.28666666666666,
    86.82,
    87.43333333333334,
    88.01777777777778,
    88.51333333333334,
    88.97333333333333,
    89.52444444444444,
    89.82,
    89.82222222222222,
    89.86444444444444,
    90.1511111111111
  ],
  "val_loss": [
    1.797260461807251,
    1.5965113132476807,
    1.411585961341858,
    1.2474348026275635,
    1.1149897718429564,
    1.0158984798431396,
    0.9604504335641861,
    0.9415800356149674,
    0.8417664038658143,
    0.891946456348896,
    0.7867467997550964,
    0.7364375587522983,
    0.7573402352631092,
    0.7213872039079666,
    0.6704536479219795,
    0.6651938480496407,
    0.7148768809512258,
    0.6854191739022731,
    0.6581898500889539,
    0.6037021485254168,
    0.6214684149086476,
    0.707123501662165,
    0.5835236002989114,
    0.5736500852584839,
    0.6290113874571398,
    0.509461387669295,
    0.5718247474934905,
    0.5103734234014526,
    0.5067908664047718,
    0.5015038188144565,
    0.5101717563234269,
    0.4349429907485843,
    0.5182061689750291,
    0.44348182680010795,
    0.44126150707621126,
    0.4450486958686262,
    0.41815810551829635,
    0.4059821575516835,
    0.3765621420800686,
    0.3847947536622174,
    0.3596788042175118,
    0.35547774588884784,
    0.36411734313976485,
    0.34230295877447353,
    0.3378889938169159,
    0.3325049498770386,
    0.323204859274812,
    0.31964155041612685,
    0.3217980394206941,
    0.32230054381899537
  ],
  "val_acc": [
    32.32,
    40.72,
    47.68,
    54.62,
    59.7,
    63.22,
    65.6,
    66.34,
    70.74,
    69.1,
    72.24,
    74.4,
    74.08,
    74.86,
    77.28,
    77.04,
    75.36,
    76.54,
    77.76,
    79.3,
    79.14,
    76.18,
    80.02,
    80.44,
    78.74,
    82.94,
    80.88,
    82.86,
    82.8,
    83.26,
    82.74,
    85.04,
    82.42,
    85.24,
    84.58,
    85.4,
    86.2,
    86.1,
    87.28,
    86.84,
    88.16,
    88.12,
    87.6,
    88.42,
    88.68,
    88.86,
    89.16,
    89.58,
    89.16,
    89.22
  ]
}