{
  "train_loss": [
    2.5427483197953964,
    1.81259580139584,
    1.6227615155114068,
    1.4643353632397123,
    1.3357149598015678,
    1.2112239999559191,
    1.1167739710066054,
    1.0439946136050755,
    0.9808464606179131,
    0.9346862358093262,
    0.8878809887144301,
    0.8558752527448866,
    0.8371916773054335,
    0.8046898825433519,
    0.7847076231002807,
    0.7687153830846151,
    0.7530709315405951,
    0.7362346747398376,
    0.7159361104859246,
    0.7056028220600552,
    0.6935931605868869,
    0.6791324144310421,
    0.6607515727996827,
    0.6516363364007738,
    0.6317405816343096,
    0.6267444842550489,
    0.6084086363474528,
    0.5933411641226874,
    0.5833146745575799,
    0.5627084865993923,
    0.551624079492357,
    0.5334021042611864,
    0.519461472606659,
    0.5016544215308295,
    0.48437886685265436,
    0.4701621710777283,
    0.4474121311929491,
    0.42730449000994364,
    0.4093198024802738,
    0.3989351655536228,
    0.3768631862110562,
    0.36635914128886327,
    0.34620462080637615,
    0.3322681036207411,
    0.3199852298842536,
    0.3083451419353485,
    0.3004885877317852,
    0.2925101027170817,
    0.28785480693181353,
    0.28627626150978935
  ],
  "train_acc": [
    20.14666666666667,
    31.82888888888889,
    39.897777777777776,
    46.166666666666664,
    51.568888888888885,
    57.06,
    60.23777777777778,
    62.904444444444444,
    65.68888888888888,
    67.60888888888888,
    69.32,
    70.53111111111112,
    71.17333333333333,
    72.34,
    73.08666666666667,
    73.60888888888888,
    74.37555555555555,
    74.80888888888889,
    75.4,
    76.04666666666667,
    76.13555555555556,
    76.7311111111111,
    77.46,
    77.72444444444444,
    78.47777777777777,
    78.6,
    79.36,
    79.72222222222223,
    80.00666666666666,
    80.87333333333333,
    81.01555555555555,
    81.71111111111111,
    82.36666666666666,
    82.82444444444444,
    83.44,
    83.81555555555556,
    84.59555555555555,
    85.3488888888889,
    86.09333333333333,
    86.34222222222222,
    87.01555555555555,
    87.40444444444445,
    88.0,
    88.48222222222222,
    89.02666666666667,
    89.46222222222222,
    89.70222222222222,
    89.85111111111111,
    90.16444444444444,
    90.10444444444444
  ],
  "val_loss": [
    1.8243652130126953,
    1.5899389328956604,
    1.4422400493621825,
    1.2746428826332092,
    1.2060162682533264,
    1.0110527975559234,
    1.0453708108901978,
    0.9797982129216194,
    0.9075730580329895,
    0.9392371089935303,
    0.7999614324331283,
    0.7501014217376709,
    0.7407777183338999,
    0.7136576618432998,
    0.7658900293922052,
    0.6296200821876526,
    0.6647407981336116,
    0.6281998130857944,
    0.6022451861709356,
    0.5986558896064759,
    0.6164403157964349,
    0.6783993039369584,
    0.561770703959465,
    0.5960565232157707,
    0.5658104047797621,
    0.543029094593972,
    0.57209940212816,
    0.525566006797552,
    0.477251572753489,
    0.47260776553079487,
    0.48206698291897776,
    0.45702734925448896,
    0.48257979430202397,
    0.44875164075791835,
    0.4385457680447027,
    0.4753013011870906,
    0.41691987920627,
    0.391587300321646,
    0.382943397206068,
    0.36605650217235086,
    0.35738983635529875,
    0.3602573812842369,
    0.3515389588027261,
    0.33811796697508545,
    0.3324096285909414,
    0.3273634205909446,
    0.32211661936976016,
    0.3184737230882049,
    0.31862503807265313,
    0.318538569632452
  ],
  "val_acc": [
    32.28,
    40.32,
    46.62,
    53.5,
    57.34,
    63.9,
    63.16,
    65.58,
    68.9,
    68.28,
    72.2,
    74.96,
    74.36,
    74.84,
    74.98,
    78.44,
    76.92,
    78.54,
    79.54,
    79.54,
    79.48,
    77.22,
    80.98,
    79.84,
    80.68,
    81.44,
    81.06,
    82.32,
    83.4,
    83.88,
    83.36,
    84.12,
    84.56,
    84.78,
    85.28,
    83.88,
    86.36,
    87.14,
    87.28,
    87.66,
    87.94,
    87.6,
    88.18,
    88.86,
    88.9,
    89.38,
    89.2,
    89.28,
    89.18,
    89.32
  ]
}