{
  "train_loss": [
    2.529606977950202,
    1.8210257786009048,
    1.6540057529449463,
    1.4965433034684923,
    1.3626282081392076,
    1.248055442788866,
    1.146671491241455,
    1.0678835716883341,
    0.9952840391582913,
    0.9456219081878662,
    0.9043816802766588,
    0.87383119108412,
    0.8546540934668647,
    0.8347561479992337,
    0.8219796929571364,
    0.8036619536717733,
    0.7950160888036092,
    0.785610011598799,
    0.7737917204115126,
    0.7658333058993022,
    0.756208705690172,
    0.755882706006368,
    0.7444766400231255,
    0.7465772757636177,
    0.6328885802216,
    0.6158159093115065,
    0.6100287730111016,
    0.6057580022493998,
    0.6082557195663452,
    0.6018360284063551,
    0.5983864685270521,
    0.5995984200053744,
    0.6001823257870145,
    0.598361507987976,
    0.5925970957332187,
    0.5902343198988173,
    0.5810097069740295,
    0.5804142182032267,
    0.5016602368619707,
    0.4712475613117218,
    0.4682683668984307,
    0.46556591545210946,
    0.4656733594205644,
    0.46300333353148565,
    0.4662684199968974,
    0.46425269875526426,
    0.4646786587026384,
    0.46194703902138606,
    0.4555872741540273,
    0.45987000278896756
  ],
  "train_acc": [
    20.66888888888889,
    30.526666666666667,
    38.333333333333336,
    45.10444444444445,
    50.522222222222226,
    55.42888888888889,
    59.22222222222222,
    62.42666666666667,
    65.01777777777778,
    67.30666666666667,
    68.74666666666667,
    69.89777777777778,
    70.81333333333333,
    71.36444444444444,
    71.75555555555556,
    72.52888888888889,
    72.61333333333333,
    73.01555555555555,
    73.47555555555556,
    73.83555555555556,
    74.15777777777778,
    74.17333333333333,
    74.48666666666666,
    74.56222222222222,
    78.39111111111112,
    78.86444444444444,
    79.07777777777778,
    79.39111111111112,
    79.05777777777777,
    79.41777777777777,
    79.46444444444444,
    79.41777777777777,
    79.70222222222222,
    79.65333333333334,
    79.66222222222223,
    79.71333333333334,
    80.07555555555555,
    80.19111111111111,
    82.90222222222222,
    83.92222222222222,
    84.18,
    83.96444444444444,
    84.20666666666666,
    84.30888888888889,
    84.14888888888889,
    83.98222222222222,
    84.17555555555556,
    84.13555555555556,
    84.42666666666666,
    84.35555555555555
  ],
  "val_loss": [
    1.8370666118621826,
    1.62142476978302,
    1.4529715713500977,
    1.3001422447681428,
    1.1925964197158814,
    1.120836938238144,
    0.9832237560272217,
    0.9772581609249115,
    1.09920624191761,
    0.8312879219204188,
    0.8431070081472397,
    0.8304907384157181,
    0.7292805999949574,
    0.7104832676410675,
    0.705542950554192,
    0.7207409773528576,
    0.7043399571806193,
    0.6286208488345146,
    0.7823305658817291,
    0.6320753814399243,
    0.6514962472558021,
    0.64962279368639,
    0.6403046299025417,
    0.6593092506408691,
    0.5414080398533493,
    0.5086180670920759,
    0.5048024473518133,
    0.5211726333081722,
    0.5765041028141975,
    0.5273158718585969,
    0.5493356048308313,
    0.4775161129951477,
    0.5625489450648427,
    0.5320042539596558,
    0.5665554880738258,
    0.6027961482786574,
    0.49192133768498897,
    0.479749279423058,
    0.42463271700665356,
    0.4187105672523379,
    0.4349232172772288,
    0.4141367004543543,
    0.4164538499336224,
    0.42882563254646955,
    0.4335119112174958,
    0.40442246050722896,
    0.4344834686735645,
    0.3948482013043016,
    0.3995428628005087,
    0.3924665109410882
  ],
  "val_acc": [
    29.54,
    39.66,
    46.66,
    51.94,
    56.2,
    60.24,
    65.26,
    66.46,
    63.32,
    71.42,
    70.42,
    72.4,
    74.38,
    75.76,
    75.58,
    75.9,
    75.6,
    78.3,
    74.18,
    77.9,
    77.52,
    77.7,
    78.2,
    77.14,
    81.34,
    82.44,
    82.82,
    82.46,
    80.92,
    82.28,
    80.36,
    83.9,
    81.26,
    82.12,
    81.58,
    79.4,
    83.76,
    83.56,
    85.88,
    86.1,
    85.7,
    85.8,
    86.08,
    85.88,
    85.44,
    86.34,
    85.0,
    86.74,
    86.76,
    86.4
  ]
}