{
  "train_loss": [
    2.541481098450555,
    1.7174837139977348,
    1.4547167522218492,
    1.2458150430891248,
    1.08508376443651,
    0.9664279091729058,
    0.8775450695249769,
    0.8048392014185588,
    0.7491007311926948,
    0.7031196032842,
    0.6557104889445835,
    0.621618382718828,
    0.5868850274297926,
    0.5543596841176351,
    0.5226122451676263,
    0.497889117664761,
    0.47436172205607097,
    0.4458479383627574,
    0.41830550633536445,
    0.3889990903536479,
    0.37145763610204063,
    0.3542798572063446,
    0.32187244169447154,
    0.30390584494802686,
    0.2835437898847792,
    0.2591120885954963,
    0.2347997227774726,
    0.2161802558210161,
    0.19604783219761318,
    0.1784358645863003,
    0.14968693588574727,
    0.13730521496666803,
    0.11883524718814426,
    0.10051045622825623,
    0.07902563030587302,
    0.06103311504158709,
    0.04845799050596025,
    0.03644984306428167,
    0.0266537521176868,
    0.024769525658422047,
    0.016687553128268983,
    0.01302922959940301,
    0.011623048922750685,
    0.010383442086022762,
    0.009321891090191072,
    0.008162503179079957,
    0.007630039882577128,
    0.007919749777267377,
    0.007569436938232846,
    0.007981677214884096
  ],
  "train_acc": [
    21.32,
    36.044444444444444,
    46.84,
    55.486666666666665,
    61.63333333333333,
    65.98444444444445,
    69.32444444444444,
    72.18222222222222,
    73.92444444444445,
    75.61333333333333,
    77.41333333333333,
    78.66888888888889,
    79.73333333333333,
    81.03333333333333,
    82.11111111111111,
    82.91333333333333,
    83.69777777777777,
    84.60222222222222,
    85.66444444444444,
    86.51777777777778,
    87.21555555555555,
    87.78666666666666,
    89.00666666666666,
    89.42666666666666,
    90.25555555555556,
    91.03555555555556,
    91.92,
    92.56888888888889,
    93.32888888888888,
    93.88222222222223,
    94.94666666666667,
    95.35555555555555,
    95.96888888888888,
    96.70666666666666,
    97.41333333333333,
    98.08666666666667,
    98.44222222222223,
    98.93111111111111,
    99.2688888888889,
    99.28666666666666,
    99.55111111111111,
    99.72,
    99.76666666666667,
    99.78666666666666,
    99.81333333333333,
    99.84222222222222,
    99.87333333333333,
    99.85555555555555,
    99.86444444444444,
    99.84666666666666
  ],
  "val_loss": [
    1.8272782306671143,
    1.6416999725341797,
    1.2900584648132325,
    1.2279379224777223,
    1.4137970898628236,
    1.2336263987064362,
    1.0176444879055022,
    0.7897629103958607,
    0.8989285103201866,
    0.8670403139352798,
    1.0871286446213722,
    0.8810287670612336,
    0.7417607245668769,
    0.8222328351855278,
    0.7320103261314332,
    0.7709336166262627,
    0.6382020187050104,
    0.7516718358248472,
    0.7173918965637683,
    0.7759798512168229,
    0.777914309328422,
    0.7632192835964262,
    0.7382496796760708,
    0.7670413744211196,
    1.1069774546474218,
    0.84606231870763,
    0.7207086181879043,
    0.7271630635263399,
    0.8017968184888363,
    0.7688383753180504,
    0.766001949557662,
    0.7275657374367118,
    0.7928996223673923,
    0.7980354282360524,
    0.7919412284528836,
    0.7910063438091427,
    0.7779919049636228,
    0.7885633313869126,
    0.7740921450050082,
    0.7544184125153348,
    0.7229102370635141,
    0.7333952079286333,
    0.7234254936389858,
    0.7270665819790098,
    0.7246745181856444,
    0.7213022716505686,
    0.7166833744133823,
    0.7144923409686423,
    0.7153289367706283,
    0.7131419268282131
  ],
  "val_acc": [
    31.08,
    40.46,
    52.64,
    56.06,
    52.24,
    59.2,
    64.44,
    72.96,
    69.62,
    70.12,
    62.82,
    70.36,
    74.74,
    72.94,
    75.8,
    74.5,
    79.04,
    75.52,
    76.4,
    74.64,
    75.18,
    76.3,
    76.7,
    75.78,
    70.82,
    74.88,
    78.38,
    78.12,
    77.72,
    78.14,
    78.66,
    79.96,
    78.92,
    79.3,
    79.06,
    80.26,
    80.98,
    80.56,
    80.76,
    81.42,
    81.82,
    82.0,
    81.86,
    81.98,
    81.68,
    81.86,
    81.98,
    82.1,
    82.04,
    82.12
  ]
}