{
  "train_loss": [
    2.583562869580587,
    1.8133251095030043,
    1.6179520989312066,
    1.458217030207316,
    1.328638137435913,
    1.2126016162872315,
    1.1259623880810208,
    1.0489235331217448,
    0.9837589670711093,
    0.9427751669141982,
    0.8969378977351719,
    0.8632543208758037,
    0.839124112341139,
    0.8158001489957174,
    0.7946243318769667,
    0.7754056381225586,
    0.7576295669767592,
    0.7438191898769803,
    0.7263631000730727,
    0.7096251073943244,
    0.6912214081552294,
    0.6841693121062384,
    0.6695939483748542,
    0.6561318467140198,
    0.6407523689164055,
    0.6257944546169705,
    0.6090084179666307,
    0.5930365388234456,
    0.5845548708068,
    0.5636474958472781,
    0.5464548267046611,
    0.5344181116422018,
    0.5184995326783922,
    0.5065285690519545,
    0.4843048557811313,
    0.4713855073504978,
    0.4471062654495239,
    0.4362430933687422,
    0.41167318564520944,
    0.39784690331353084,
    0.376997165134218,
    0.36457864317364164,
    0.3442953573173947,
    0.3348765450636546,
    0.32082980763117475,
    0.3144818648815155,
    0.29806849439144134,
    0.29389723325040606,
    0.2954794609308243,
    0.2885606185330285
  ],
  "train_acc": [
    19.61777777777778,
    31.744444444444444,
    39.791111111111114,
    46.577777777777776,
    52.01777777777778,
    56.61555555555555,
    60.05777777777778,
    63.27777777777778,
    65.64888888888889,
    67.28888888888889,
    68.88888888888889,
    70.1288888888889,
    71.11111111111111,
    71.82,
    72.96222222222222,
    73.41111111111111,
    73.96888888888888,
    74.67333333333333,
    75.18666666666667,
    75.92,
    76.34444444444445,
    76.74222222222222,
    77.23777777777778,
    77.68222222222222,
    78.14,
    78.71333333333334,
    79.14666666666666,
    79.77111111111111,
    80.03333333333333,
    80.58888888888889,
    81.34666666666666,
    81.73555555555555,
    82.17777777777778,
    82.73777777777778,
    83.47555555555556,
    83.89777777777778,
    84.83777777777777,
    85.04,
    85.80666666666667,
    86.40666666666667,
    87.04888888888888,
    87.50888888888889,
    88.20444444444445,
    88.56222222222222,
    88.93333333333334,
    89.16222222222223,
    89.71111111111111,
    89.9888888888889,
    89.76666666666667,
    90.12222222222222
  ],
  "val_loss": [
    1.8457051202774049,
    1.5693685134887696,
    1.409332237625122,
    1.2950257747650147,
    1.2488936064243317,
    1.0398139421463013,
    0.9516561370611191,
    0.9105964866638183,
    0.8880402346611023,
    0.7923785638391971,
    0.8186063983917237,
    0.7727909924864769,
    0.7279677909024059,
    0.6563327105522155,
    0.660381332346797,
    0.6017319645881652,
    0.6551931355953217,
    0.6489417890951037,
    0.6018505051612854,
    0.5951443569123746,
    0.6005796003915369,
    0.6667148961983621,
    0.584896257174015,
    0.5947278199076652,
    0.6330797870317474,
    0.5248471282839775,
    0.535382038873434,
    0.524308519379422,
    0.4871849352121353,
    0.4890663751870394,
    0.4979120114386082,
    0.46394442052058876,
    0.45907369798868897,
    0.47735585691034793,
    0.4502271962706,
    0.4606790150940418,
    0.4166563253894448,
    0.3948290094029158,
    0.39379589046053587,
    0.3677269777905196,
    0.38306474296730014,
    0.358814891129639,
    0.35751103251697497,
    0.3425140297614038,
    0.33834719874244185,
    0.3329298574544489,
    0.3256799037259072,
    0.32327034414857625,
    0.32530340759828685,
    0.3249872532967478
  ],
  "val_acc": [
    31.04,
    41.46,
    47.86,
    52.72,
    56.08,
    61.52,
    66.22,
    67.18,
    69.7,
    72.52,
    72.08,
    73.56,
    75.72,
    77.28,
    77.52,
    79.52,
    77.44,
    77.2,
    79.56,
    80.16,
    79.48,
    77.12,
    79.9,
    79.82,
    78.46,
    81.68,
    81.94,
    82.02,
    83.58,
    83.76,
    83.16,
    84.42,
    84.74,
    84.16,
    84.82,
    84.4,
    86.56,
    86.74,
    86.92,
    87.6,
    87.14,
    88.16,
    88.6,
    88.8,
    89.04,
    89.36,
    89.54,
    89.56,
    89.54,
    89.58
  ]
}