{
  "train_loss": [
    3.826162533950806,
    2.4164808544158936,
    1.989815271059672,
    1.7785894887288412,
    1.6455923346837362,
    1.5681709798600938,
    1.5114865180333454,
    1.4678815369500053,
    1.4429010278489856,
    1.4242732110977172,
    1.405034989844428,
    1.3897257575564914,
    1.3858769354926215,
    1.3719432502746582,
    1.3659446134355333,
    1.3592206109576754,
    1.3439263951407538,
    1.3431649441189235,
    1.3376135809580485,
    1.3366276671939425,
    1.3314349569532606,
    1.319662851693895,
    1.3158444036695691,
    1.3118670073827108,
    1.3068436854892307,
    1.3076727643118964,
    1.2977069031397501,
    1.2959526991738213,
    1.2886382878409492,
    1.2936246420118545,
    1.285735556962755,
    1.2808233367919921,
    1.2741889190885756,
    1.2758124341117012,
    1.273774323802524,
    1.27339360332489,
    1.269213769721985,
    1.2632510736889309,
    1.2631424007839627,
    1.1758845919926961,
    1.1503396781921387,
    1.1267279701868693,
    1.124192732111613,
    1.108836392211914,
    1.0983650124867756,
    1.0852653066423203,
    1.0850404775619507,
    1.0773715375264485,
    1.0588125610139636,
    1.061203635787964
  ],
  "train_acc": [
    25.9,
    32.897777777777776,
    38.20444444444445,
    41.61333333333334,
    44.04666666666667,
    45.504444444444445,
    46.88444444444445,
    47.89333333333333,
    48.74666666666667,
    49.135555555555555,
    49.98,
    50.57555555555555,
    50.68222222222222,
    51.19777777777778,
    51.19555555555556,
    51.73555555555556,
    52.15111111111111,
    51.93333333333333,
    52.30888888888889,
    52.34888888888889,
    52.431111111111115,
    53.23111111111111,
    53.57111111111111,
    53.42,
    53.56666666666667,
    53.42,
    53.717777777777776,
    54.03777777777778,
    54.05777777777778,
    54.184444444444445,
    54.34222222222222,
    54.51111111111111,
    54.84,
    54.702222222222225,
    54.586666666666666,
    54.91555555555556,
    54.904444444444444,
    55.43333333333333,
    54.92,
    58.12222222222222,
    59.20666666666666,
    60.17333333333333,
    60.01111111111111,
    60.5,
    60.72222222222222,
    61.26888888888889,
    61.46222222222222,
    61.75555555555555,
    62.26444444444444,
    62.284444444444446
  ],
  "val_loss": [
    1.9105288208007813,
    1.673127656173706,
    1.5317080226898194,
    1.4759896556854248,
    1.4455651659011841,
    1.3981483276367188,
    1.399872335624695,
    1.4024356288909912,
    1.360929701423645,
    1.3797525199890137,
    1.350104144668579,
    1.352482283782959,
    1.3557141265869141,
    1.335443065071106,
    1.3291288730621338,
    1.3419685134887696,
    1.308981957244873,
    1.3410509811401368,
    1.3232806282043457,
    1.3081461320877075,
    1.3015550527572632,
    1.2864878890991212,
    1.3245158044815064,
    1.2916567329406738,
    1.298623663520813,
    1.2887659309387207,
    1.300013858795166,
    1.3033695295333863,
    1.300291770172119,
    1.2908258129119874,
    1.2834260990142823,
    1.2801646907806397,
    1.2737554542541505,
    1.2799043214797974,
    1.2892571249008178,
    1.2999350814819335,
    1.2720685611724853,
    1.288051555633545,
    1.306503946685791,
    1.2197102249145508,
    1.2302285947799683,
    1.245552721786499,
    1.2388223114013672,
    1.227977171611786,
    1.2271097521781922,
    1.2113861381530762,
    1.2318241778373717,
    1.2219800597190857,
    1.2201286457061769,
    1.2300087182044983
  ],
  "val_acc": [
    39.94,
    43.94,
    47.16,
    48.6,
    49.1,
    50.76,
    50.0,
    50.7,
    51.28,
    50.94,
    51.84,
    52.24,
    52.12,
    52.9,
    53.2,
    52.58,
    53.34,
    52.22,
    52.42,
    53.74,
    53.82,
    54.12,
    53.4,
    54.0,
    54.48,
    54.1,
    54.7,
    54.16,
    53.8,
    54.74,
    54.32,
    54.52,
    55.28,
    54.96,
    54.04,
    54.48,
    54.86,
    54.76,
    53.58,
    56.4,
    56.6,
    56.04,
    55.9,
    56.54,
    56.42,
    57.24,
    56.16,
    57.16,
    57.54,
    57.18
  ]
}