{
  "train_loss": [
    2.6383360127131144,
    1.6868071191151937,
    1.3063374003940158,
    1.0987324887063767,
    0.9457984507030911,
    0.8439843683878581,
    0.7673558525615268,
    0.7010306880950927,
    0.6446985153304206,
    0.5876598526742723,
    0.5291043749279446,
    0.4858910360336304,
    0.4420734998914931,
    0.3969614908218384,
    0.3628809788915846,
    0.3268146084573534,
    0.2791212926493751,
    0.24706622920566135,
    0.2194585557103157,
    0.2009361300309499,
    0.18066202504369946,
    0.1739262732187907,
    0.14932879394955106,
    0.14389077176517912,
    0.1209074947728051,
    0.11563906957308451,
    0.10317407189740074,
    0.09361187207831277,
    0.07814885868231455,
    0.07361467711793052,
    0.06636008670462502,
    0.05634382694562276,
    0.05210404058827294,
    0.044178472419579826,
    0.04234340648651123,
    0.034055966481235295,
    0.029249147199259865,
    0.024882246018780602,
    0.0213063781592581,
    0.018637025402320755,
    0.01596334546763036,
    0.014253900752133793,
    0.012706136831972335,
    0.010647395356330606,
    0.010714409887625112,
    0.010058917396018902,
    0.008588227327002419,
    0.008617731445034344,
    0.00802476913349496,
    0.007610370388047563
  ],
  "train_acc": [
    33.64222222222222,
    47.81777777777778,
    56.477777777777774,
    62.31111111111111,
    67.41555555555556,
    70.95333333333333,
    73.64444444444445,
    76.08888888888889,
    78.18222222222222,
    80.14888888888889,
    81.84444444444445,
    83.28444444444445,
    84.98444444444445,
    86.38888888888889,
    87.39333333333333,
    88.79333333333334,
    90.39555555555556,
    91.3,
    92.42,
    93.19777777777777,
    93.76666666666667,
    94.13333333333334,
    94.82888888888888,
    95.12,
    95.97777777777777,
    96.11777777777777,
    96.56,
    96.86222222222223,
    97.41555555555556,
    97.54666666666667,
    97.78222222222222,
    98.17111111111112,
    98.29333333333334,
    98.58222222222223,
    98.7311111111111,
    98.9888888888889,
    99.12444444444445,
    99.30666666666667,
    99.3711111111111,
    99.50222222222222,
    99.55777777777777,
    99.66222222222223,
    99.71555555555555,
    99.77333333333333,
    99.72888888888889,
    99.76,
    99.82222222222222,
    99.82,
    99.82888888888888,
    99.85777777777778
  ],
  "val_loss": [
    1.4351585378646852,
    1.2618874488830567,
    1.0549886075973511,
    0.9552354553222656,
    0.8450768251895905,
    0.8462311574935913,
    0.7540330565452575,
    0.8209730627059937,
    0.74268675365448,
    0.6875834523916244,
    0.7165389015674591,
    0.6969003940582276,
    0.6714594643592835,
    0.6751803151130676,
    0.7023512459754944,
    0.7167511041164398,
    0.73950654733181,
    0.7862626173496247,
    0.7478345667123795,
    0.7764604908466339,
    0.7349182654768228,
    0.7442160900115967,
    0.7613136518001556,
    0.7706075289964676,
    0.7811067470788956,
    0.8180530602455139,
    0.7734622054576874,
    0.7960430712223053,
    0.7995730717182159,
    0.8040045979738235,
    0.8657280003547668,
    0.805054757976532,
    0.8196251412391663,
    0.8412877960681915,
    0.8268926697731018,
    0.7972419681549072,
    0.8074722270488739,
    0.7926338470697403,
    0.8058945188999176,
    0.8063755474567413,
    0.8063131255149841,
    0.8075230342864991,
    0.7990283970355988,
    0.7931876013755799,
    0.7896195822238922,
    0.7891816762447357,
    0.7903470670223236,
    0.7922870510101319,
    0.7859121621131897,
    0.7930162077903747
  ],
  "val_acc": [
    47.34,
    56.82,
    63.44,
    66.28,
    69.26,
    70.18,
    73.36,
    71.32,
    74.26,
    76.5,
    76.5,
    76.74,
    77.42,
    77.64,
    77.18,
    77.38,
    77.38,
    76.08,
    78.1,
    78.26,
    78.32,
    77.7,
    78.84,
    78.66,
    78.76,
    77.9,
    78.66,
    79.18,
    79.14,
    79.58,
    78.8,
    79.52,
    79.64,
    79.42,
    80.3,
    80.2,
    80.48,
    80.56,
    80.64,
    80.68,
    80.64,
    80.76,
    81.16,
    81.12,
    81.08,
    80.92,
    81.16,
    81.14,
    81.16,
    80.98
  ]
}