{
  "train_loss": [
    2.533378309716119,
    1.810798820983039,
    1.6389368625217013,
    1.5010778878741795,
    1.3776237514071994,
    1.2466007167392308,
    1.1429470144059923,
    1.0652226635509068,
    0.9995271118481954,
    0.9435630099402533,
    0.8991327416419983,
    0.8665744263225131,
    0.8401529649098715,
    0.8097829123708937,
    0.7918813049634298,
    0.7731523822996351,
    0.7542398807737563,
    0.7341658089955648,
    0.720831338151296,
    0.7046876190609402,
    0.6896901348961724,
    0.6782420792367724,
    0.6608484035174051,
    0.6483808895852831,
    0.637615319803026,
    0.6195863599353366,
    0.6071890398343404,
    0.5868024078157213,
    0.5770400116920471,
    0.5595263220204247,
    0.543137426937951,
    0.5288848775757684,
    0.5138433469136556,
    0.49761362448798285,
    0.4822616411103143,
    0.46506025162272985,
    0.4424133693483141,
    0.42613719566133285,
    0.40628226167890763,
    0.3920325312296549,
    0.37465521048439876,
    0.3595360571093029,
    0.33758914433055454,
    0.32936133727497524,
    0.3110178494188521,
    0.30168629301918876,
    0.2921819641192754,
    0.29008375843895806,
    0.28306857453452217,
    0.27887316562334696
  ],
  "train_acc": [
    20.391111111111112,
    31.351111111111113,
    39.08,
    44.43555555555555,
    50.19111111111111,
    55.44888888888889,
    59.50888888888889,
    62.42666666666667,
    64.99333333333334,
    67.12666666666667,
    68.73555555555555,
    70.17555555555556,
    71.13555555555556,
    72.13111111111111,
    72.80888888888889,
    73.52,
    74.13555555555556,
    74.98444444444445,
    75.28888888888889,
    75.92,
    76.39333333333333,
    76.83333333333333,
    77.38666666666667,
    77.99333333333334,
    78.18888888888888,
    78.83777777777777,
    79.14444444444445,
    80.07333333333334,
    80.37555555555555,
    80.8711111111111,
    81.39777777777778,
    81.97777777777777,
    82.43777777777778,
    83.14444444444445,
    83.38444444444444,
    84.14222222222222,
    84.92888888888889,
    85.36222222222223,
    86.20666666666666,
    86.35333333333334,
    87.21777777777778,
    87.64888888888889,
    88.31111111111112,
    88.71111111111111,
    89.35777777777778,
    89.53111111111112,
    89.96,
    90.10444444444444,
    90.2911111111111,
    90.38444444444444
  ],
  "val_loss": [
    1.8204964698791504,
    1.5956885853767395,
    1.4547933294296265,
    1.294357323360443,
    1.218081583881378,
    1.0222787619590759,
    0.9800448792695999,
    1.026141512286663,
    0.8810247922003269,
    0.8576201935410499,
    0.8640488431811333,
    0.7355746568202972,
    0.7538061325185,
    0.669539876806736,
    0.6698244632132352,
    0.6453940148591996,
    0.6527940519988537,
    0.6320554568767548,
    0.5893770743936301,
    0.584448849093914,
    0.6399127849131823,
    0.6284845718622207,
    0.5354827301338315,
    0.5662675473988056,
    0.5865145800039172,
    0.570138157235086,
    0.550342291922681,
    0.5188682284355164,
    0.5017139846205712,
    0.4747838186636567,
    0.4969643128618598,
    0.453074818623811,
    0.46541825207620857,
    0.4427799791947007,
    0.44950863102152944,
    0.4286206099141389,
    0.40105795973837377,
    0.3949179397283122,
    0.37655004333350806,
    0.35740317114433273,
    0.3575813514266163,
    0.3428210983634926,
    0.34249016733847093,
    0.3304128753490746,
    0.32137373826326804,
    0.3148762427376583,
    0.31225634976159783,
    0.307087868725881,
    0.3072528574707918,
    0.3086597749022767
  ],
  "val_acc": [
    29.82,
    39.9,
    46.66,
    51.62,
    55.76,
    63.76,
    64.9,
    63.9,
    68.96,
    70.48,
    69.42,
    73.8,
    74.54,
    76.36,
    77.28,
    77.42,
    77.4,
    78.54,
    79.74,
    79.8,
    78.66,
    78.54,
    81.58,
    80.5,
    79.96,
    80.56,
    81.02,
    81.94,
    82.64,
    84.04,
    83.18,
    84.1,
    84.0,
    84.92,
    84.72,
    85.6,
    87.0,
    86.88,
    87.7,
    88.2,
    87.78,
    88.52,
    88.62,
    89.08,
    89.24,
    89.68,
    89.6,
    89.88,
    89.72,
    89.62
  ]
}