{
  "train_loss": [
    2.2989686190287273,
    1.6030339233610365,
    1.3795397997114394,
    1.181644099553426,
    1.0383669605255128,
    0.9233664334085252,
    0.8357300231509739,
    0.7756305470572578,
    0.7386566081788805,
    0.7038147731463115,
    0.6779450085957845,
    0.6528973553869459,
    0.6348725920783149,
    0.6143908689816793,
    0.5925406081729465,
    0.5776570496665107,
    0.5611192569520739,
    0.54301644499037,
    0.5367811899662018,
    0.5147777384228176,
    0.5013806523534987,
    0.4863407831033071,
    0.47101668462753293,
    0.45696013828913373,
    0.44475622232225204,
    0.4305384916093614,
    0.41998147387504575,
    0.3952326542907291,
    0.38503166869481403,
    0.36640662359396614,
    0.3502700901243422,
    0.3365795338312785,
    0.31676563972897,
    0.3040668202824063,
    0.2833313603613112,
    0.2650269919236501,
    0.24132609906196595,
    0.22654180778927274,
    0.20666565642886692,
    0.19037252314885458,
    0.16857353682782916,
    0.15160242253409492,
    0.13468024350537194,
    0.12124271461433835,
    0.10973334589269426,
    0.09822742749849955,
    0.09027347498867247,
    0.08430230623748568,
    0.08095789400405354,
    0.08022425744533539
  ],
  "train_acc": [
    25.824444444444445,
    40.09111111111111,
    49.46666666666667,
    57.44,
    63.04888888888889,
    67.22,
    70.84,
    73.00666666666666,
    74.28444444444445,
    75.39555555555556,
    76.52666666666667,
    77.42222222222222,
    77.97777777777777,
    78.74,
    79.53333333333333,
    79.85777777777778,
    80.57777777777778,
    81.20222222222222,
    81.53333333333333,
    82.24,
    82.42444444444445,
    83.17777777777778,
    83.72666666666667,
    84.22666666666667,
    84.60444444444444,
    85.14888888888889,
    85.4888888888889,
    86.31777777777778,
    86.83777777777777,
    87.3488888888889,
    87.8488888888889,
    88.41333333333333,
    88.91111111111111,
    89.37777777777778,
    90.04444444444445,
    90.79555555555555,
    91.54444444444445,
    92.11111111111111,
    92.7688888888889,
    93.36444444444444,
    94.18666666666667,
    94.77333333333333,
    95.3711111111111,
    95.92666666666666,
    96.33111111111111,
    96.83111111111111,
    97.08444444444444,
    97.24444444444444,
    97.43333333333334,
    97.44666666666667
  ],
  "val_loss": [
    1.7645693468093873,
    1.5184961368560792,
    1.2423031215667724,
    1.1774592861175537,
    1.1052555106163025,
    0.9527757347106933,
    0.7848908035159111,
    0.9436501059412956,
    0.7528594389140606,
    0.7384055008053779,
    0.8449977245330811,
    0.7241217546463012,
    0.6923088100258261,
    0.7263431709289551,
    0.7689598929792643,
    0.6018958039045333,
    0.6092399910271168,
    0.6652238975524902,
    0.563043165910244,
    0.5528457824468612,
    0.6543452611811459,
    0.6501740728616714,
    0.663492607730627,
    0.6604950073719025,
    0.5888320807360112,
    0.5549182029850781,
    0.6039207193002105,
    0.45599741824269296,
    0.4935790370821953,
    0.48128553919196126,
    0.48470760774165395,
    0.4264068666160107,
    0.45570394574431705,
    0.4646618343025446,
    0.4541705688677728,
    0.4359476788381115,
    0.38607944746129214,
    0.40069873052877375,
    0.37306445939689875,
    0.37806012658416294,
    0.3617080722768791,
    0.3555215234079398,
    0.3374668389462633,
    0.3386998274922371,
    0.31992272343598305,
    0.3169053320392966,
    0.3156770904905163,
    0.3110031920308247,
    0.3122783279083669,
    0.3107062107459642
  ],
  "val_acc": [
    34.58,
    44.98,
    54.46,
    58.84,
    62.78,
    66.84,
    72.18,
    69.02,
    74.36,
    74.78,
    71.7,
    76.06,
    77.24,
    74.96,
    74.66,
    79.1,
    79.5,
    77.9,
    80.36,
    81.1,
    77.7,
    78.92,
    78.46,
    78.08,
    80.26,
    81.88,
    80.6,
    84.82,
    84.54,
    83.98,
    84.08,
    85.76,
    85.16,
    84.46,
    85.36,
    86.44,
    87.62,
    87.22,
    88.02,
    87.94,
    88.8,
    88.78,
    89.72,
    89.72,
    90.08,
    90.28,
    90.32,
    90.4,
    90.5,
    90.62
  ]
}