{
  "train_loss": [
    2.529685539923774,
    1.8202093852572971,
    1.6522690432654488,
    1.4927644730673897,
    1.3684682429843478,
    1.2560378308190239,
    1.16884615427653,
    1.0967562922795613,
    1.0161884313371445,
    0.9667431395212809,
    0.9238819784588284,
    0.8895334995163812,
    0.8615674058702257,
    0.844593470064799,
    0.8256652703921,
    0.8113107817755805,
    0.8011450283262465,
    0.787863716284434,
    0.7741353853649563,
    0.7725556598027548,
    0.7632983104917738,
    0.7551005237473382,
    0.7487491079436408,
    0.7494809062745836,
    0.7386647261301676,
    0.7354506029870775,
    0.7252994027031793,
    0.7256435013453165,
    0.7252362830797832,
    0.7214184264818827,
    0.7175313710318671,
    0.714795838271247,
    0.7095774934450785,
    0.7100807650989956,
    0.7069058422724406,
    0.7065653077231513,
    0.70107357823054,
    0.6953081829071045,
    0.6978440769725376,
    0.695285862382253,
    0.6942155494160123,
    0.6941544800228543,
    0.688783775499132,
    0.6951459916644627,
    0.6904005310270521,
    0.6908624205801223,
    0.6866943375481499,
    0.6942814332750108,
    0.6799834915584988,
    0.6813631464216444
  ],
  "train_acc": [
    20.613333333333333,
    30.644444444444446,
    38.208888888888886,
    44.98444444444444,
    50.43555555555555,
    55.17111111111111,
    58.153333333333336,
    61.12444444444444,
    64.57333333333334,
    66.58888888888889,
    67.95777777777778,
    69.37777777777778,
    70.39555555555556,
    70.89333333333333,
    71.62,
    72.19333333333333,
    72.63555555555556,
    72.91777777777777,
    73.67111111111112,
    73.45555555555555,
    73.65333333333334,
    74.0911111111111,
    74.32444444444444,
    74.78444444444445,
    74.91333333333333,
    74.96222222222222,
    75.40444444444445,
    75.32,
    75.32,
    75.29555555555555,
    75.36,
    75.53333333333333,
    75.58444444444444,
    76.01333333333334,
    75.76444444444445,
    75.69777777777777,
    76.13555555555556,
    76.39111111111112,
    76.3711111111111,
    76.57333333333334,
    76.43333333333334,
    76.56,
    76.73333333333333,
    76.4,
    76.60666666666667,
    76.45777777777778,
    76.67333333333333,
    76.49333333333334,
    76.94666666666667,
    77.01333333333334
  ],
  "val_loss": [
    1.8191228685379028,
    1.6156308158874513,
    1.4563308162689208,
    1.2989344848632813,
    1.1926972654342651,
    1.0675040034294128,
    1.009463717842102,
    0.921998489356041,
    0.8870080197811127,
    0.8816540539622307,
    0.8797932831764221,
    0.758822057813406,
    0.8963150838285685,
    0.7131873693943024,
    0.6989056664735079,
    0.6651465563893318,
    0.7228163167506456,
    0.64559652582407,
    0.6463158143401146,
    0.6467181791931391,
    0.675909242707491,
    0.8050335396707058,
    0.7460870061121881,
    0.7465883064270019,
    0.7494825755657628,
    0.6524396652445197,
    0.6229856610909105,
    0.6906767202854156,
    0.6225569260358811,
    0.6490447271879762,
    0.6454702306807041,
    0.5853416917487979,
    0.706664768409729,
    0.6082316622257232,
    0.6650942172437906,
    0.6771944404631853,
    0.6096304481580853,
    0.5731204108953476,
    0.6162132035918534,
    0.6141091547310352,
    0.6392311683163047,
    0.6492682665959001,
    0.610477846686542,
    0.5883250951200724,
    0.5989937801539897,
    0.5649462974339724,
    0.7100144212801708,
    0.649564372369647,
    0.6125745364099741,
    0.5871614591479302
  ],
  "val_acc": [
    30.0,
    39.3,
    46.4,
    52.2,
    56.56,
    62.2,
    63.6,
    67.42,
    68.8,
    69.34,
    69.42,
    74.28,
    70.54,
    74.92,
    75.56,
    77.14,
    75.2,
    77.36,
    78.1,
    77.5,
    77.4,
    73.68,
    74.88,
    74.64,
    75.18,
    77.76,
    79.16,
    76.42,
    78.46,
    78.26,
    78.2,
    80.04,
    76.52,
    78.68,
    78.26,
    76.98,
    79.44,
    80.54,
    79.38,
    79.7,
    77.72,
    77.4,
    78.64,
    79.84,
    79.06,
    80.44,
    76.14,
    77.28,
    79.66,
    79.9
  ]
}