{
  "model": "cnn",
  "test_accuracy": 91.09,
  "test_precision_macro": 0.9106264712003581,
  "test_recall_macro": 0.9109,
  "test_f1_macro": 0.9107133864388649,
  "per_class_accuracy": {
    "airplane": 0.919,
    "automobile": 0.958,
    "bird": 0.881,
    "cat": 0.81,
    "deer": 0.922,
    "dog": 0.844,
    "frog": 0.937,
    "horse": 0.943,
    "ship": 0.953,
    "truck": 0.942
  }
}