{
  "model": "cnn",
  "test_accuracy": 83.66,
  "test_precision_macro": 0.8356963464161955,
  "test_recall_macro": 0.8366,
  "test_f1_macro": 0.8359160817902737,
  "per_class_accuracy": {
    "airplane": 0.864,
    "automobile": 0.905,
    "bird": 0.76,
    "cat": 0.675,
    "deer": 0.805,
    "dog": 0.753,
    "frog": 0.899,
    "horse": 0.878,
    "ship": 0.914,
    "truck": 0.913
  }
}