{
  "model": "mlp",
  "test_accuracy": 60.6,
  "test_precision_macro": 0.6027807926244081,
  "test_recall_macro": 0.6060000000000001,
  "test_f1_macro": 0.6018991864919666,
  "per_class_accuracy": {
    "airplane": 0.642,
    "automobile": 0.704,
    "bird": 0.415,
    "cat": 0.4,
    "deer": 0.48,
    "dog": 0.518,
    "frog": 0.722,
    "horse": 0.73,
    "ship": 0.731,
    "truck": 0.718
  }
}