{
  "model": "mlp",
  "test_accuracy": 39.31,
  "test_precision_macro": 0.39418565265770167,
  "test_recall_macro": 0.3931,
  "test_f1_macro": 0.37646310776500336,
  "per_class_accuracy": {
    "airplane": 0.515,
    "automobile": 0.57,
    "bird": 0.204,
    "cat": 0.191,
    "deer": 0.185,
    "dog": 0.414,
    "frog": 0.564,
    "horse": 0.389,
    "ship": 0.638,
    "truck": 0.261
  }
}