{
  "model": "resnet18",
  "test_accuracy": 95.16,
  "test_precision_macro": 0.9516416122319706,
  "test_recall_macro": 0.9516,
  "test_f1_macro": 0.9515837747154899,
  "per_class_accuracy": {
    "airplane": 0.962,
    "automobile": 0.981,
    "bird": 0.923,
    "cat": 0.9,
    "deer": 0.97,
    "dog": 0.919,
    "frog": 0.964,
    "horse": 0.968,
    "ship": 0.964,
    "truck": 0.965
  }
}