{
  "model": "resnet18",
  "test_accuracy": 95.05,
  "test_precision_macro": 0.9503820569265471,
  "test_recall_macro": 0.9504999999999999,
  "test_f1_macro": 0.9503977855327816,
  "per_class_accuracy": {
    "airplane": 0.959,
    "automobile": 0.98,
    "bird": 0.93,
    "cat": 0.886,
    "deer": 0.964,
    "dog": 0.915,
    "frog": 0.977,
    "horse": 0.965,
    "ship": 0.967,
    "truck": 0.962
  }
}