{
  "train_loss": [
    2.5280539567311604,
    1.7296306900448268,
    1.4779549530241225,
    1.255615590816074,
    1.0923282544453938,
    0.984447004169888,
    0.8990400462150574,
    0.8284826524946425,
    0.7725790023803711,
    0.7224596046977573,
    0.6754940821859572,
    0.6328572268591987,
    0.5969459568659464,
    0.5678985713216994,
    0.5298075407452053,
    0.5036432277891371,
    0.474123407151964,
    0.4495826524734497,
    0.4211849267959595,
    0.4018653553644816,
    0.3727805007245806,
    0.3502857302983602,
    0.32474278009202745,
    0.30838855876922605,
    0.2762773706489139,
    0.24921474950048658,
    0.24122648350927564,
    0.21196224739021724,
    0.19251663705507915,
    0.1701058617009057,
    0.14975562647713556,
    0.13064740252229903,
    0.10978315617508358,
    0.09382362028227913,
    0.07163166497548422,
    0.058206042235427434,
    0.05031272991829448,
    0.03834364614817831,
    0.027451748365826076,
    0.02020900573929151,
    0.015015812384668323,
    0.013002669907526838,
    0.010890503560172187,
    0.009663226078533463,
    0.008775636347631613,
    0.007739083620243602,
    0.007777632538394795,
    0.007105123793954651,
    0.007620441977928082,
    0.006763457118554248
  ],
  "train_acc": [
    21.566666666666666,
    35.68222222222222,
    46.00222222222222,
    55.06,
    61.35333333333333,
    65.17111111111112,
    68.33555555555556,
    70.85333333333334,
    73.10444444444444,
    74.8711111111111,
    76.50666666666666,
    78.19777777777777,
    79.54888888888888,
    80.3,
    81.85777777777778,
    82.64,
    83.75555555555556,
    84.49111111111111,
    85.63333333333334,
    86.32666666666667,
    87.19111111111111,
    87.98,
    88.85111111111111,
    89.45333333333333,
    90.4088888888889,
    91.46,
    91.78,
    92.61333333333333,
    93.29777777777778,
    94.12,
    94.92,
    95.65333333333334,
    96.32444444444444,
    96.86888888888889,
    97.6511111111111,
    98.12666666666667,
    98.38666666666667,
    98.84,
    99.28222222222222,
    99.42666666666666,
    99.66888888888889,
    99.68222222222222,
    99.78,
    99.8,
    99.84,
    99.87333333333333,
    99.86666666666666,
    99.88444444444444,
    99.88444444444444,
    99.91555555555556
  ],
  "val_loss": [
    1.7954369281768798,
    1.4819654078483582,
    1.2773118831634522,
    1.075919628047943,
    0.9958091662406922,
    0.9536489178657531,
    0.8295120414018631,
    0.830622496843338,
    0.786515896320343,
    0.8220562371730804,
    0.7691696942448616,
    0.7135317431926728,
    0.7041655613958836,
    0.6577398277342319,
    0.6510770695209503,
    0.695563663983345,
    0.6758482839107514,
    0.7200334681510925,
    0.6792405376672744,
    0.6944011856555938,
    0.6869837906777859,
    0.7025493582561612,
    0.7122727520808577,
    0.6605220319032669,
    0.7086209590462967,
    0.7549704485423863,
    0.7569691335439682,
    0.7193092566870153,
    0.7562474883049727,
    0.7305118586361409,
    0.77519301526919,
    0.7752807638215833,
    0.7740896354132332,
    0.7626655751518905,
    0.7652175342984497,
    0.782210694376938,
    0.7972518575912342,
    0.765898832594417,
    0.7631096649058163,
    0.7618079766854644,
    0.74163366139438,
    0.7499288083329797,
    0.7291426178755238,
    0.7303121939241887,
    0.7246527142118663,
    0.7255802410464733,
    0.7207525252010674,
    0.7154314417079091,
    0.7215887642826885,
    0.7162073300074786
  ],
  "val_acc": [
    31.94,
    45.74,
    52.98,
    61.26,
    64.28,
    65.96,
    71.14,
    70.64,
    72.96,
    71.9,
    73.4,
    75.7,
    76.28,
    77.9,
    77.58,
    76.08,
    77.38,
    76.64,
    77.86,
    77.14,
    78.4,
    77.92,
    78.04,
    79.0,
    78.56,
    77.42,
    78.72,
    79.02,
    78.26,
    79.6,
    78.62,
    79.3,
    80.2,
    80.52,
    80.46,
    80.32,
    80.62,
    80.92,
    81.52,
    81.24,
    81.98,
    81.62,
    82.2,
    82.12,
    82.16,
    82.56,
    82.42,
    82.32,
    82.42,
    82.54
  ]
}